Workbook
Name Slicer_Category: #N/A
Name Slicer_Region1: #N/A
Name Slicer_Warehouse1: #N/A

Sheet Dashboard
A1: SUPPLY CHAIN & INVENTORY ANALYSIS DASHBOARD - 2024
A3: TOTAL REVENUE (₹) | E3: TOTAL UNITS SOLD | I3: LOW STOCK ITEMS | M3: AVG LEAD TIME (DAYS)
A4: ='KPI Summary'!B2 -> 17229495 | E4: ='KPI Summary'!B3 -> 8254 | I4: ='KPI Summary'!B7 -> 0 | M4: ='KPI Summary'!B6 -> 5.9666667
G7: TARGET vs ACTUAL PERFORMANCE
G8: Annual Revenue Target (₹) | H8: 15000000
G9: Actual Revenue (₹) | H9: ='KPI Summary'!B2 -> 17229495
G10: Achievement % | H10: =H9/H8 -> 1.148633
G11: Variance (₹) | H11: =H9-H8 -> 2229495
G13: REGION-WISE REVENUE
G14: North | H14: =SUMIF('Raw Data'!H2:H121,"North",'Raw Data'!N2:N121) -> 6390300
G15: South | H15: =SUMIF('Raw Data'!H2:H121,"South",'Raw Data'!N2:N121) -> 3076700
G16: East | H16: =SUMIF('Raw Data'!H2:H121,"East",'Raw Data'!N2:N121) -> 1679495
G17: West | H17: =SUMIF('Raw Data'!H2:H121,"West",'Raw Data'!N2:N121) -> 6083000

Sheet Reorder Alert
A1: REORDER ALERT TRACKER
A3: Status | B3: =IF(COUNTIF('Raw Data'!O2:O121,"Low Stock")+COUNTIF('Raw Data'!O2:O121,"Out of Stock")=0,"✅ All items sufficiently stocked - No action needed!","⚠️ Items need reordering - See list below") -> ✅ All items sufficiently stocked - No action needed!

Sheet Pivot Analysis
D3: Warehouse | E3: Sum of Units Sold
D4: Warehouse A - Mumbai | E4: 589
D5: Warehouse B - Delhi | E5: 434
D6: Warehouse C - Chennai | E6: 698
D7: Warehouse D - Kolkata | E7: 1723
D8: Warehouse E - Hyderabad | E8: 4810
D9: Grand Total | E9: 8254
A14: Month | B14: Sum of Total Revenue | D14: Supplier | E14: Average of Lead Time (Days)
A15: Jan | B15: 2812000 | D15: Apex Distributors | E15: 7.4285714
A16: Feb | B16: 1159600 | D16: EastWest Trading | E16: 7.8666667
A17: Mar | B17: 810800 | D17: FastTrack Logistics | E17: 5.1333333
A18: Apr | B18: 960800 | D18: GlobalTrade Ltd. | E18: 7.25
A19: May | B19: 2471460 | D19: NexGen Suppliers | E19: 4.4666667
A20: Jun | B20: 1235935 | D20: PrimeSources Inc. | E20: 6.4
A21: Jul | B21: 783975 | D21: QuickSupply Co. | E21: 4.5625
A22: Aug | B22: 1899620 | D22: ValueChain Corp. | E22: 4.6428571
A23: Sep | B23: 1242744 | D23: Grand Total | E23: 5.9666667
A24: Oct | B24: 1291080
A25: Nov | B25: 863500
A26: Dec | B26: 1697981
A27: Grand Total | B27: 17229495
A33: Category | B33: Sum of Total Revenue
A34: Clothing | B34: 2536990
A35: Electronics | B35: 10419200
A36: Food & Beverages | B36: 588860
A37: Furniture | B37: 2989000
A38: Industrial | B38: 435900
A39: Office Supplies | B39: 259545
A40: Grand Total | B40: 17229495

Sheet Raw Data
A1: Order ID | B1: Date | C1: Product ID | D1: Product Name | E1: Category | F1: Supplier | G1: Warehouse | H1: Region | I1: Stock Quantity | J1: Reorder Level | K1: Units Sold | L1: Unit Price | M1: Lead Time (Days) | N1: Total Revenue | O1: Stock Status | P1: Month
A2: ORD-1001 | B2: 45294 | C2: PRD-101 | D2: Laptop | E2: Electronics | F2: QuickSupply Co. | G2: Warehouse A - Mumbai | H2: West | I2: 120 | J2: 50 | K2: 30 | L2: 45000 | M2: 7 | N2: 1350000 | O2: =IF(I2=0,"Out Of Stock",IF(I2<=J2,"Low Stock","In Stock")) -> In Stock | P2: =TEXT(B2,"MMM") -> Jan | R2: =COUNTBLANK(E2:E121) -> 0
A3: ORD-1002 | B3: 45296 | C3: PRD-102 | D3: Office Chair | E3: Furniture | F3: GlobalTrade Ltd. | G3: Warehouse B - Delhi | H3: North | I3: 80 | J3: 30 | K3: 15 | L3: 8500 | M3: 10 | N3: 127500 | O3: =IF(I3=0,"Out Of Stock",IF(I3<=J3,"Low Stock","In Stock")) -> In Stock | P3: =TEXT(B3,"MMM") -> Jan
A4: ORD-1003 | B4: 45298 | C4: PRD-103 | D4: Winter Jacket | E4: Clothing | F4: FastTrack Logistics | G4: Warehouse C - Chennai | H4: South | I4: 200 | J4: 60 | K4: 45 | L4: 3200 | M4: 5 | N4: 144000 | O4: =IF(I4=0,"Out Of Stock",IF(I4<=J4,"Low Stock","In Stock")) -> In Stock | P4: =TEXT(B4,"MMM") -> Jan
A5: ORD-1004 | B5: 45300 | C5: PRD-104 | D5: Coffee Beans | E5: Food & Beverages | F5: PrimeSources Inc. | G5: Warehouse D - Kolkata | H5: East | I5: 350 | J5: 100 | K5: 80 | L5: 600 | M5: 3 | N5: 48000 | O5: =IF(I5=0,"Out Of Stock",IF(I5<=J5,"Low Stock","In Stock")) -> In Stock | P5: =TEXT(B5,"MMM") -> Jan
A6: ORD-1005 | B6: 45303 | C6: PRD-105 | D6: A4 Paper Ream | E6: Office Supplies | F6: NexGen Suppliers | G6: Warehouse E - Hyderabad | H6: South | I6: 500 | J6: 150 | K6: 120 | L6: 250 | M6: 4 | N6: 30000 | O6: =IF(I6=0,"Out Of Stock",IF(I6<=J6,"Low Stock","In Stock")) -> In Stock | P6: =TEXT(B6,"MMM") -> Jan
A7: ORD-1006 | B7: 45306 | C7: PRD-106 | D7: Safety Helmet | E7: Industrial | F7: EastWest Trading | G7: Warehouse A - Mumbai | H7: West | I7: 90 | J7: 40 | K7: 20 | L7: 1200 | M7: 8 | N7: 24000 | O7: =IF(I7=0,"Out Of Stock",IF(I7<=J7,"Low Stock","In Stock")) -> In Stock | P7: =TEXT(B7,"MMM") -> Jan
A8: ORD-1007 | B8: 45309 | C8: PRD-107 | D8: Smartphone | E8: Electronics | F8: QuickSupply Co. | G8: Warehouse B - Delhi | H8: North | I8: 60 | J8: 30 | K8: 25 | L8: 32000 | M8: 6 | N8: 800000 | O8: =IF(I8=0,"Out Of Stock",IF(I8<=J8,"Low Stock","In Stock")) -> In Stock | P8: =TEXT(B8,"MMM") -> Jan
A9: ORD-1008 | B9: 45311 | C9: PRD-108 | D9: Standing Desk | E9: Furniture | F9: GlobalTrade Ltd. | G9: Warehouse C - Chennai | H9: South | I9: 40 | J9: 20 | K9: 10 | L9: 15000 | M9: 12 | N9: 150000 | O9: =IF(I9=0,"Out Of Stock",IF(I9<=J9,"Low Stock","In Stock")) -> In Stock | P9: =TEXT(B9,"MMM") -> Jan
A10: ORD-1009 | B10: 45313 | C10: PRD-109 | D10: Sports Shoes | E10: Clothing | F10: FastTrack Logistics | G10: Warehouse D - Kolkata | H10: East | I10: 150 | J10: 50 | K10: 35 | L10: 2800 | M10: 5 | N10: 98000 | O10: =IF(I10=0,"Out Of Stock",IF(I10<=J10,"Low Stock","In Stock")) -> In Stock | P10: =TEXT(B10,"MMM") -> Jan
A11: ORD-1010 | B11: 45316 | C11: PRD-110 | D11: Green Tea | E11: Food & Beverages | F11: PrimeSources Inc. | G11: Warehouse E - Hyderabad | H11: South | I11: 400 | J11: 100 | K11: 90 | L11: 450 | M11: 3 | N11: 40500 | O11: =IF(I11=0,"Out Of Stock",IF(I11<=J11,"Low Stock","In Stock")) -> In Stock | P11: =TEXT(B11,"MMM") -> Jan
A12: ORD-1011 | B12: 45323 | C12: PRD-111 | D12: Tablet | E12: Electronics | F12: ValueChain Corp. | G12: Warehouse A - Mumbai | H12: West | I12: 75 | J12: 25 | K12: 20 | L12: 22000 | M12: 7 | N12: 440000 | O12: =IF(I12=0,"Out Of Stock",IF(I12<=J12,"Low Stock","In Stock")) -> In Stock | P12: =TEXT(B12,"MMM") -> Feb
A13: ORD-1012 | B13: 45325 | C13: PRD-112 | D13: Bookshelf | E13: Furniture | F13: Apex Distributors | G13: Warehouse B - Delhi | H13: North | I13: 55 | J13: 20 | K13: 12 | L13: 5500 | M13: 9 | N13: 66000 | O13: =IF(I13=0,"Out Of Stock",IF(I13<=J13,"Low Stock","In Stock")) -> In Stock | P13: =TEXT(B13,"MMM") -> Feb
A14: ORD-1013 | B14: 45328 | C14: PRD-113 | D14: Formal Shirt | E14: Clothing | F14: NexGen Suppliers | G14: Warehouse C - Chennai | H14: South | I14: 180 | J14: 60 | K14: 40 | L14: 1800 | M14: 4 | N14: 72000 | O14: =IF(I14=0,"Out Of Stock",IF(I14<=J14,"Low Stock","In Stock")) -> In Stock | P14: =TEXT(B14,"MMM") -> Feb
... A121: ORD-1120 | B121: 45656 | C121: PRD-220 | D121: Instant Noodles | E121: Food & Beverages | F121: GlobalTrade Ltd. | G121: Warehouse E - Hyderabad | H121: South | I121: 580 | J121: 185 | K121: 205 | L121: 65 | M121: 1 | N121: 13325 | O121: =IF(I121=0,"Out Of Stock",IF(I121<=J121,"Low Stock","In Stock")) -> In Stock | P121: =TEXT(B121,"MMM") -> Dec

Sheet KPI Summary
A1: Metric | D1: Category | E1: Total Revenue | F1: Unit Sold | G1: Avg Unit Price
A2: Total Revenue | B2: =SUM('Raw Data'!N2:N121) -> 17229495 | D2: Electronics | E2: =SUMIF('Raw Data'!E2:E121,D2,'Raw Data'!N2:N121) -> 10419200 | F2: =SUMIF('Raw Data'!E2:E121,D2,'Raw Data'!K2:K121) -> 634 | G2: =AVERAGEIF('Raw Data'!E2:E121,D2,'Raw Data'!L2:L121) -> 18445.833
A3: Total Unit Sold | B3: =SUM('Raw Data'!K2:K121) -> 8254 | D3: Furniture | E3: =SUMIF('Raw Data'!E3:E122,D3,'Raw Data'!N3:N122) -> 2989000 | F3: =SUMIF('Raw Data'!E3:E122,D3,'Raw Data'!K3:K122) -> 247 | G3: =AVERAGEIF('Raw Data'!E3:E122,D3,'Raw Data'!L3:L122) -> 16870.833
A4: Total order | B4: =COUNTA('Raw Data'!A2:A121) -> 120 | D4: Clothing | E4: =SUMIF('Raw Data'!E4:E123,D4,'Raw Data'!N4:N123) -> 2536990 | F4: =SUMIF('Raw Data'!E4:E123,D4,'Raw Data'!K4:K123) -> 1092 | G4: =AVERAGEIF('Raw Data'!E4:E123,D4,'Raw Data'!L4:L123) -> 2695
A5: Avg Unit Price | B5: =AVERAGE('Raw Data'!L2:L121) -> 7962.3 | D5: Food & Beverages | E5: =SUMIF('Raw Data'!E5:E124,D5,'Raw Data'!N5:N124) -> 588860 | F5: =SUMIF('Raw Data'!E5:E124,D5,'Raw Data'!K5:K124) -> 3948 | G5: =AVERAGEIF('Raw Data'!E5:E124,D5,'Raw Data'!L5:L124) -> 250.875
A6: Avg Lead Time | B6: =AVERAGE('Raw Data'!M2:M121) -> 5.9666667 | D6: Office Supplies | E6: =SUMIF('Raw Data'!E6:E125,D6,'Raw Data'!N6:N125) -> 259545 | F6: =SUMIF('Raw Data'!E6:E125,D6,'Raw Data'!K6:K125) -> 2095 | G6: =AVERAGEIF('Raw Data'!E6:E125,D6,'Raw Data'!L6:L125) -> 134.58333
A7: Low Stock Item | B7: =COUNTIF('Raw Data'!O2:O121,"Low Stock") -> 0 | D7: Industrial | E7: =SUMIF('Raw Data'!E7:E126,D7,'Raw Data'!N7:N126) -> 435900 | F7: =SUMIF('Raw Data'!E7:E126,D7,'Raw Data'!K7:K126) -> 238 | G7: =AVERAGEIF('Raw Data'!E7:E126,D7,'Raw Data'!L7:L126) -> 2963.3333
A8: Out of Stock Item | B8: =COUNTIF('Raw Data'!O2:O121,"Out of Stock") -> 0
A9: Value
A12: In Stock | B12: =COUNTIF('Raw Data'!O2:O121,"In Stock") -> 120
A13: Out of Stock | B13: =COUNTIF('Raw Data'!O2:O121,"Low Stock") -> 0
A14: Low Stock Item | B14: =COUNTIF('Raw Data'!O2:O121,"Out of Stock") -> 0
